age_months,mileage_km,fast_charge_pct,climate_zone,soh_pct
74.3,163044,71.6,temperate,84.45
42.1,88677,35.7,hot,91.54
82.4,183045,85.2,temperate,84.4
66.9,133885,24.1,hot,88.93
9.0,21442,53.8,hot,95.92
93.7,184261,18.4,temperate,85.54
73.1,119603,49.5,temperate,87.88
75.5,79882,15.2,cold,92.76
12.3,28572,16.2,cold,95.76
43.2,118535,61.2,cold,85.68
35.6,35349,26.4,cold,95.55
89.0,108532,17.2,temperate,89.34
61.8,68284,93.0,hot,89.71
79.0,118750,4.3,temperate,92.45
42.6,85196,56.5,hot,90.42
21.8,80804,54.8,hot,92.75
53.2,77923,25.1,hot,91.84
6.1,8951,45.3,cold,98.65
79.5,139937,8.8,temperate,88.26
60.6,95379,72.1,cold,89.2
72.8,138807,22.2,cold,89.55
34.0,41402,19.3,cold,94.58
93.2,79309,31.5,hot,91.6
85.7,101245,90.2,cold,87.08
74.7,117056,79.6,cold,89.97
18.7,62860,94.7,cold,93.88
44.8,134574,65.2,hot,87.84
4.2,48845,66.3,hot,94.6
14.8,75996,48.0,cold,94.16
65.6,125866,90.5,hot,84.84
71.5,62201,51.1,temperate,90.31
92.9,139217,35.5,temperate,89.75
31.3,67446,64.0,hot,91.75
35.6,80190,54.6,hot,90.72
45.1,49599,12.4,cold,94.33
18.2,109096,39.3,cold,88.39
12.5,123482,31.3,cold,90.92
45.7,40729,84.7,hot,90.48
21.8,90317,37.9,hot,92.87
64.3,145246,82.2,temperate,87.84
42.0,69149,44.2,temperate,93.2
79.9,161121,75.4,hot,85.18
67.2,131904,13.5,cold,87.77
30.0,136489,92.5,cold,87.98
79.9,184301,48.1,temperate,86.49
77.3,69463,26.0,temperate,93.91
37.2,84391,24.1,temperate,95.22
27.7,88705,26.5,hot,89.99
65.5,72209,36.7,hot,90.63
13.4,51534,71.8,temperate,92.38
19.2,134510,95.0,temperate,88.15
0.7,2537,66.9,temperate,96.92
75.5,117255,54.7,cold,88.17
63.8,154307,44.9,hot,87.95
67.7,95281,82.8,hot,86.71
74.9,120034,85.0,hot,85.26
44.1,154079,29.3,hot,86.76
54.6,102485,95.3,temperate,88.04
13.4,26894,39.5,cold,94.13
11.0,15369,80.0,cold,94.64
64.2,166922,96.7,temperate,84.78
45.2,69585,70.4,temperate,90.41
54.3,105707,16.2,hot,91.64
73.4,72084,58.6,temperate,90.98
60.9,101616,11.9,hot,92.03
53.1,155899,78.9,cold,85.88
53.7,105026,28.1,temperate,91.03
29.2,140852,69.5,hot,86.95
3.0,33526,91.0,hot,93.86
41.9,95483,18.1,hot,92.3
20.6,120310,39.3,cold,90.09
39.2,86473,64.7,hot,90.75
81.9,101811,42.0,hot,87.98
22.5,121372,17.5,hot,91.9
5.6,51451,2.9,cold,95.66
27.0,86198,40.7,temperate,93.27
28.2,140671,64.9,temperate,88.58
63.5,75331,57.4,temperate,92.97
53.5,80731,15.6,hot,90.5
75.3,66440,45.1,cold,89.61
63.8,100166,36.9,hot,89.0
39.0,56533,27.4,hot,91.46
78.1,146726,72.9,temperate,84.99
16.0,35116,31.0,hot,95.86
2.2,82794,54.0,hot,93.0
8.6,38821,92.3,cold,92.61
69.3,100415,53.9,temperate,89.44
44.3,78813,61.7,hot,89.73
15.5,98912,7.3,hot,94.88
48.1,96065,17.8,temperate,91.17
14.6,55541,10.1,hot,93.43
66.8,158020,76.5,hot,86.13
42.8,104327,83.6,temperate,88.89
36.6,56141,18.6,temperate,96.78
28.9,132132,21.9,cold,89.72
60.5,91541,32.3,temperate,92.42
34.7,33623,59.1,hot,94.47
8.4,66364,62.2,temperate,92.55
11.3,24313,68.7,temperate,93.97
92.3,105568,90.5,hot,87.45
87.2,162340,29.5,temperate,88.12
67.2,71667,65.9,hot,88.22
25.5,118103,56.0,cold,88.47
93.0,189963,30.6,cold,82.35
74.8,135084,90.7,temperate,87.3
68.8,142594,9.5,cold,88.84
43.1,121579,71.2,cold,88.23
26.1,140916,72.8,hot,85.6
9.3,48696,91.5,temperate,91.52
86.6,91751,51.9,temperate,89.51
43.8,98762,32.2,hot,89.84
19.4,80179,82.8,temperate,91.28
29.4,45826,77.1,hot,92.76
55.6,119911,50.0,cold,91.73
17.0,15837,76.8,temperate,94.67
82.2,179849,26.8,cold,87.62
72.8,92430,59.0,temperate,89.04
69.1,62304,86.5,hot,87.49
41.5,47557,31.8,cold,93.34
60.2,79015,48.4,hot,88.53
56.1,79597,95.1,hot,88.7
62.4,55925,79.8,temperate,90.31
8.1,40278,88.7,temperate,91.1
39.9,56418,38.5,hot,94.74
4.0,48764,99.7,hot,91.99
47.4,85739,15.3,hot,89.88
31.7,67070,51.9,hot,92.99
13.9,50913,47.9,hot,92.9
9.9,19040,79.8,temperate,96.06
56.4,50036,90.9,hot,89.43
16.4,37901,73.1,hot,92.62
88.8,164808,62.7,temperate,86.37
55.8,165382,42.7,temperate,88.12
33.3,139173,51.0,hot,89.2
56.7,107780,50.9,hot,88.91
2.2,65643,2.0,hot,96.57
92.0,114435,50.3,cold,89.3
46.3,131457,85.6,hot,87.03
75.1,154390,70.9,hot,85.18
7.9,107931,79.6,temperate,88.7
46.7,146393,39.0,hot,88.61
47.1,91378,52.9,hot,90.12
90.0,167051,3.3,hot,86.53
54.9,142506,38.3,temperate,90.28
45.5,74894,47.4,temperate,90.28
25.6,132867,25.5,temperate,92.54
31.8,37847,3.1,cold,95.69
50.0,160966,69.0,hot,86.23
42.1,127524,43.5,cold,88.8
2.1,12921,41.6,temperate,95.19
79.3,144851,25.0,cold,88.01
86.0,75794,53.8,temperate,91.21
13.5,103642,43.8,temperate,92.59
53.2,140230,47.4,hot,87.41
10.4,80975,58.1,temperate,89.87
64.5,156602,0.6,hot,86.5
27.0,34245,90.8,temperate,95.3
63.3,85865,7.1,hot,90.35
69.8,107861,45.1,hot,90.57
73.8,66587,20.7,cold,91.26
10.3,62405,52.4,temperate,93.44
87.9,105107,28.0,temperate,91.09
22.1,65545,86.0,hot,90.08
3.6,54005,39.6,temperate,96.96
53.3,149918,63.9,cold,87.1
35.6,62115,24.9,temperate,94.36
79.7,173632,1.9,temperate,87.8
77.6,115777,40.4,temperate,90.3
30.4,64708,53.6,hot,93.91
91.5,136533,46.0,temperate,87.83
27.9,73403,96.2,cold,92.43
49.4,72089,70.7,temperate,90.37
24.6,80799,99.6,temperate,91.16
89.9,93100,29.5,temperate,91.43
15.8,55400,78.9,temperate,91.4
4.3,71488,55.6,cold,93.62
41.8,84417,61.2,temperate,91.08
95.3,178260,98.6,temperate,82.7
85.6,102141,65.4,temperate,89.47
71.9,176261,89.9,temperate,84.8
85.5,165430,72.6,hot,84.37
85.8,187587,12.7,temperate,86.79
49.8,142085,69.9,cold,87.15
30.3,42327,48.4,temperate,93.58
74.1,124936,91.9,hot,86.18
63.5,73330,80.7,temperate,89.54
35.9,128080,10.4,temperate,94.27
9.1,77657,13.4,hot,92.47
71.7,91357,7.0,temperate,91.49
25.2,132549,49.3,temperate,89.04
89.9,88767,8.1,cold,93.87
23.1,86941,72.4,hot,88.9
11.8,96346,55.2,hot,91.86
79.8,73551,83.6,temperate,90.15
14.7,84005,28.0,hot,93.27
17.2,112250,51.9,temperate,92.34
57.5,56054,11.7,cold,95.13
84.0,131434,88.5,hot,85.02
18.9,46742,17.5,temperate,95.68
29.8,104377,10.2,cold,89.94
74.6,76434,20.5,temperate,92.45
93.3,190192,80.6,temperate,82.93
48.1,147427,10.6,temperate,89.56
13.8,33829,61.4,hot,92.07
1.3,39907,74.6,hot,94.96
22.0,88889,75.1,temperate,88.87
12.7,96713,19.0,temperate,93.34
65.1,107331,6.2,hot,89.1
11.7,28502,44.9,hot,94.14
48.6,53005,20.2,cold,95.12
66.6,175513,69.9,hot,85.28
55.8,101132,35.7,temperate,92.28
19.2,120686,44.9,temperate,92.51
77.2,122215,11.3,temperate,89.43
68.7,167915,56.8,hot,87.22
70.9,69650,18.6,hot,90.04
12.6,24167,67.9,temperate,95.73
11.9,121456,7.1,temperate,91.84
89.0,187904,97.6,hot,81.13
38.2,69572,68.5,temperate,92.36
28.9,66696,18.2,temperate,95.19
46.9,93381,1.4,hot,93.14
63.6,102969,33.4,temperate,90.98
91.7,99255,15.3,hot,90.06
27.5,130721,21.8,temperate,91.39
88.8,104382,87.3,hot,87.2
2.4,86621,60.3,temperate,93.37
53.3,52475,17.6,hot,93.47
60.9,55368,55.7,temperate,93.29
10.2,86919,25.6,temperate,91.56
13.5,51909,97.6,cold,91.86
40.2,112184,3.3,temperate,90.38
92.8,88581,73.2,cold,89.1
57.2,161666,77.3,hot,87.22
89.6,164464,6.7,temperate,87.63
77.2,169501,17.2,hot,86.84
44.9,53767,38.4,temperate,94.34
75.3,101200,86.8,temperate,85.95
1.7,45628,53.7,cold,94.42
10.5,73192,65.5,temperate,93.02
79.6,101979,78.3,temperate,85.17
76.5,71021,82.8,hot,87.83
22.3,62877,47.6,hot,94.04
51.0,73007,50.9,cold,92.64
58.2,94792,71.8,hot,89.23
83.3,93054,26.3,hot,91.04
57.9,79676,85.4,cold,89.79
39.6,108240,2.1,cold,92.64
35.9,76513,19.6,temperate,92.91
40.9,75517,80.0,temperate,90.92
62.6,116223,34.0,cold,88.88
83.3,162023,15.0,hot,88.5
43.6,81776,18.7,temperate,94.68
23.8,90330,53.1,temperate,93.31
22.7,134877,84.6,cold,87.46
71.6,122319,7.1,cold,89.05
78.4,174501,3.0,temperate,89.59
10.1,103663,46.5,hot,92.11
6.4,12371,95.6,temperate,95.07
57.1,99047,27.9,hot,89.6
14.0,95492,95.9,cold,90.39
79.2,184379,88.8,hot,81.72
29.8,79832,28.3,hot,93.06
13.8,22644,81.7,temperate,95.95
88.4,141119,68.6,temperate,88.87
15.9,28430,51.2,cold,95.78
27.3,112960,42.3,hot,88.53
14.7,73210,81.6,cold,91.77
11.1,96051,79.3,hot,93.02
2.0,106015,75.7,hot,89.96
5.3,79905,99.8,temperate,91.13
16.8,87464,47.9,hot,93.47
5.1,94819,80.7,temperate,91.98
56.7,148386,86.2,hot,88.55
65.3,158744,21.2,hot,86.52
37.8,35862,4.2,temperate,94.7
30.5,92182,40.5,hot,92.63
48.4,66314,85.7,temperate,89.39
84.0,173242,28.9,temperate,86.74
81.7,145898,70.0,hot,85.56
4.2,53905,0.7,cold,97.7
17.4,37092,35.5,hot,95.49
22.7,59622,61.6,temperate,93.44
23.9,104404,13.0,hot,91.47
54.8,70222,89.7,cold,91.38
40.0,44531,15.6,temperate,99.77
4.7,110504,91.0,temperate,90.9
35.9,121594,21.6,cold,90.76
50.3,65876,99.4,hot,87.82
9.8,43211,60.5,cold,93.4
80.0,183325,8.4,temperate,87.11
5.0,89139,6.5,cold,93.74
88.8,147250,7.5,cold,88.53
9.5,44844,59.0,cold,96.29
81.0,103381,81.0,hot,88.84
86.7,76955,40.3,cold,90.6
94.0,165783,44.5,cold,84.58
77.0,69343,58.9,temperate,92.71
74.8,62941,53.3,hot,90.57
61.7,138938,68.8,cold,85.07
74.8,176185,47.2,hot,86.07
12.9,101545,71.4,temperate,92.04
51.5,99482,99.7,temperate,85.61
49.4,99463,35.0,hot,89.32
82.3,120942,1.2,temperate,90.6
44.4,75981,12.6,hot,93.43
37.0,93413,55.4,temperate,90.37
61.4,102903,34.4,cold,89.33
25.6,93097,94.0,hot,90.07
13.4,118956,62.7,temperate,89.7
45.9,157631,52.0,hot,87.49
40.0,42800,79.8,cold,90.79
22.3,64768,25.9,cold,92.2
35.3,51086,82.0,hot,92.27
35.2,71566,0.3,temperate,94.64
31.4,60696,62.0,temperate,93.63
36.4,51302,93.5,temperate,90.94
65.8,146549,78.8,temperate,85.73
28.5,83305,85.4,temperate,92.18
91.1,186218,39.7,temperate,83.93
88.0,77219,82.4,hot,89.91
46.2,46510,55.1,temperate,94.68
31.5,74662,61.9,cold,92.57
51.4,52468,5.9,hot,92.93
81.5,99412,20.2,temperate,90.08
62.6,170531,55.1,hot,85.28
77.2,89426,5.9,cold,90.2
51.1,66392,74.1,temperate,90.06
60.8,119470,84.0,temperate,88.71
27.7,82812,92.0,hot,90.47
70.5,128444,10.2,temperate,88.97
19.4,61401,94.0,cold,92.21
66.7,154795,6.8,temperate,89.68
82.6,85487,47.4,temperate,92.46
12.7,61975,84.0,temperate,92.98
59.0,131922,7.0,temperate,91.71
9.1,111796,1.8,temperate,93.85
69.7,102406,2.5,hot,92.01
8.1,74889,51.1,hot,91.32
89.9,83172,81.2,temperate,89.13
13.2,31431,12.7,cold,96.41
92.1,85007,12.5,cold,91.1
76.9,151416,56.9,cold,87.16
57.0,82062,23.4,temperate,93.08
75.1,149459,73.0,hot,85.98
76.3,71577,95.0,temperate,89.35
90.8,179188,76.6,cold,83.26
24.3,120534,87.7,temperate,90.06
56.6,57878,52.0,temperate,92.81
9.1,10455,83.2,temperate,93.87
59.2,56048,18.3,cold,93.14
16.4,116139,6.8,cold,90.2
54.2,73360,65.6,cold,90.79
55.0,111587,5.2,temperate,91.38
44.7,88428,89.2,hot,88.16
50.2,137274,69.2,temperate,89.79
73.3,119782,95.2,hot,84.77
76.7,124019,31.4,cold,89.87
47.2,158063,48.6,temperate,90.37
57.6,65983,74.2,temperate,92.37
89.4,174183,24.3,hot,85.81
11.5,15789,54.2,temperate,94.5
11.2,66686,65.9,temperate,91.22
8.4,113377,97.9,hot,88.55
63.2,132455,74.5,cold,86.38
40.2,115714,11.8,temperate,90.66
74.3,93544,47.5,temperate,90.01
64.4,103927,58.9,hot,88.53
32.0,70681,14.7,temperate,94.48
86.2,134443,43.2,temperate,86.81
73.2,116470,28.4,cold,88.78
26.0,60871,11.9,hot,93.88
35.0,65793,51.2,cold,92.05
30.2,55258,16.6,temperate,96.86
15.1,56415,59.1,hot,93.26
14.2,29816,17.0,hot,94.11
89.9,179543,72.4,hot,84.15
42.0,107287,19.5,cold,91.9
36.8,46720,89.6,hot,91.06
70.0,141638,2.6,temperate,88.43
53.1,145959,52.2,temperate,90.17
89.9,103395,32.0,cold,88.45
74.9,80496,22.5,temperate,92.84
46.0,39384,47.2,cold,93.65
36.1,35779,84.2,hot,92.72
94.7,170401,91.5,cold,85.95
68.9,175883,30.3,hot,86.74
91.3,81481,15.4,hot,90.12
11.4,99247,72.0,cold,92.13
81.7,76666,58.2,hot,88.81
61.2,122022,20.1,hot,89.6
11.7,100483,76.0,temperate,89.19
56.5,90165,51.9,hot,88.63
65.9,56200,65.3,hot,90.8
1.2,72407,35.9,temperate,95.0
43.6,155295,43.9,cold,85.78
79.2,96946,18.0,cold,91.45
28.4,46368,75.7,hot,91.16
44.0,51555,15.7,temperate,96.01
42.5,102016,77.8,cold,88.74
29.0,95728,79.8,hot,88.13
88.2,168548,74.7,hot,84.24
75.0,152872,1.9,hot,87.09
10.6,115952,27.3,temperate,93.49
95.7,176455,46.8,hot,84.68
84.4,100008,59.6,temperate,89.22
27.3,89418,91.9,cold,90.46
80.3,102641,37.6,hot,87.92
10.2,48088,87.5,temperate,91.43
95.9,191762,16.3,hot,85.62
63.9,135082,37.1,hot,86.66
62.4,168961,5.2,cold,86.84
8.7,57265,74.2,temperate,94.14
86.1,136255,15.1,cold,89.48
2.8,60774,25.7,temperate,93.84
23.1,32141,77.5,hot,92.28
13.7,39846,53.5,temperate,93.49
74.6,125458,1.4,hot,91.72
19.0,23941,0.2,cold,98.13
87.4,184626,51.1,temperate,84.95
63.0,67363,30.5,hot,92.35
3.5,26651,18.0,temperate,95.67
0.5,92273,61.4,temperate,91.87
5.0,15765,22.8,cold,97.53
58.2,156507,59.2,hot,86.74
76.9,151203,37.9,hot,86.66
22.9,27319,18.7,hot,95.92
81.5,150974,13.8,temperate,88.83
5.5,80374,23.7,temperate,94.02
76.9,154959,3.0,hot,87.63
89.1,173607,30.8,temperate,86.27
74.1,147971,90.2,temperate,86.26
67.0,126191,83.1,hot,86.99
80.4,105734,37.2,cold,89.85
3.9,86885,57.6,temperate,91.25
19.4,130979,56.7,temperate,88.44
12.0,80497,82.9,temperate,91.93
48.4,120084,23.6,hot,91.53
71.5,112070,29.6,cold,89.99
60.5,141135,30.2,temperate,88.52
81.7,187811,4.1,temperate,87.55
14.9,31664,31.5,cold,94.24
70.5,83058,87.8,cold,90.53
18.5,80176,91.2,cold,90.83
26.0,79426,11.0,hot,92.38
68.2,125381,45.8,hot,87.8
94.1,84305,38.1,temperate,90.23
58.7,97437,48.9,temperate,92.06
5.2,74317,55.5,temperate,93.02
59.2,119528,2.0,cold,91.03
4.1,82268,84.2,hot,92.25
84.9,157158,97.4,hot,83.01
68.1,133752,65.3,temperate,88.04
16.6,108679,66.0,hot,90.33
8.8,82309,52.8,temperate,90.87
17.6,79184,33.4,temperate,93.54
94.1,151146,14.9,temperate,88.4
44.0,48828,58.4,temperate,93.06
75.3,95505,4.5,temperate,92.05
61.1,114201,82.5,temperate,88.57
55.0,150552,42.1,hot,88.89
13.9,93097,41.5,temperate,90.96
90.8,86531,32.7,temperate,90.62
28.9,95180,96.9,hot,89.62
55.5,72850,17.5,temperate,93.63
67.2,144064,15.1,cold,89.44
62.3,151232,16.6,hot,91.35
90.3,146462,65.9,temperate,87.45
14.3,82839,99.2,cold,91.73
48.8,81299,23.5,cold,91.81
38.8,85873,90.6,temperate,88.71
45.5,141627,27.9,temperate,89.07
11.4,96336,64.8,cold,92.08
12.9,73098,4.0,temperate,95.42
26.7,66434,49.6,hot,92.74
29.3,30422,65.5,hot,93.05
41.1,51393,53.6,cold,92.26
58.7,72042,23.8,temperate,92.55
60.9,95576,82.8,hot,89.09
39.5,146242,97.0,hot,86.85
39.2,93321,45.9,cold,89.77
20.9,45591,63.6,temperate,94.49
56.5,59755,79.0,cold,90.04
30.4,65960,24.1,temperate,94.37
3.5,100772,86.4,cold,90.52
40.2,79473,28.0,cold,94.23
45.5,130631,77.6,hot,86.68
21.7,114372,11.2,temperate,92.42
55.0,59095,28.8,hot,93.12
54.3,118301,53.4,cold,87.94
67.4,171252,52.5,hot,85.37
62.2,100092,85.0,temperate,88.51
62.6,58308,99.6,cold,89.3
30.4,136093,10.7,hot,89.64
75.6,169035,27.1,cold,88.3
52.7,106589,35.8,hot,89.09
41.4,100784,47.9,temperate,91.47
60.1,75490,49.4,temperate,91.91
34.6,127187,85.6,temperate,86.48
49.2,100851,77.1,temperate,90.04
70.7,63002,1.9,cold,91.69
85.1,152874,45.5,hot,86.93
88.4,187744,61.8,temperate,84.24
48.3,139789,46.0,cold,88.38
49.9,74886,13.1,cold,91.34
76.8,70389,39.7,hot,90.9
30.2,137998,41.2,cold,90.35
80.4,179438,18.8,hot,85.07
47.4,103421,75.6,temperate,88.66
11.1,86347,32.1,temperate,93.78
6.9,61277,58.9,cold,94.1
80.8,117731,51.6,hot,84.88
5.3,18779,87.7,hot,96.88
26.9,34059,12.2,cold,96.35
32.1,54658,11.4,hot,94.97
16.6,114236,30.0,temperate,91.49
30.1,42611,43.1,temperate,92.0
71.3,86619,29.9,temperate,92.33
1.4,67008,76.3,hot,92.36
79.4,91990,24.5,hot,90.86
82.2,88109,8.5,cold,91.34
35.7,97379,41.4,temperate,91.67
14.7,56460,77.3,hot,91.34
57.7,123206,85.1,hot,87.89
11.5,119038,73.3,hot,88.09
35.0,47313,55.8,cold,95.72
92.0,186286,72.4,hot,85.94
95.6,187936,68.1,hot,85.22
74.1,161259,23.4,temperate,89.52
29.9,100631,55.1,hot,90.08
66.0,129431,77.1,hot,88.01
67.7,133138,31.7,cold,88.65
37.2,113887,65.4,temperate,87.69
61.5,53249,48.1,hot,93.51
1.0,115829,50.3,temperate,93.2
20.1,86997,9.0,hot,93.14
50.4,135783,66.6,hot,85.72
15.7,58374,86.6,temperate,91.53
15.9,14760,14.1,temperate,95.11
80.3,128073,36.6,temperate,90.13
95.0,139993,4.9,cold,86.96
53.4,96916,3.0,hot,91.93
80.6,107892,99.0,cold,86.02
95.1,109205,49.3,temperate,87.44
13.6,74633,35.6,hot,93.39
43.0,80893,27.5,cold,91.81
37.7,147798,98.0,hot,86.8
7.7,27155,25.2,temperate,95.14
72.5,98786,72.6,temperate,88.27
41.6,69978,28.4,hot,89.45
45.1,102743,7.0,cold,89.26
14.5,71967,68.3,hot,94.03
17.4,91723,0.2,cold,96.23
87.1,186569,67.6,hot,83.67
4.3,37798,25.0,hot,95.14
22.4,101761,74.6,temperate,89.91
28.0,26370,77.0,cold,94.52
47.1,70702,72.4,hot,89.71
56.3,102562,2.4,cold,92.04
47.4,43183,70.4,hot,91.76
8.1,80850,99.0,temperate,90.32
23.4,100891,24.3,temperate,91.66
81.0,157095,27.4,hot,87.15
61.2,112996,81.4,cold,86.77
62.3,124405,16.0,temperate,90.92
64.3,101144,66.1,temperate,88.93
73.2,65983,75.5,temperate,90.84
5.6,16643,3.7,temperate,99.85
35.2,107928,55.4,temperate,90.11
51.8,162629,57.6,cold,87.77
32.5,28973,30.3,temperate,93.19
81.1,134468,87.6,temperate,86.06
46.3,128727,16.3,temperate,90.56
73.8,160703,36.4,temperate,89.81
81.8,133586,84.9,temperate,84.41
48.5,114773,19.1,temperate,90.95
87.3,156371,82.1,temperate,87.37
56.4,150046,7.9,cold,88.22
81.6,82697,48.9,cold,90.02
32.7,138389,7.5,cold,90.88
47.9,43027,67.8,cold,92.57
51.0,142857,79.1,temperate,89.07
10.1,17607,85.0,temperate,95.15
38.3,55240,98.1,hot,91.98
88.1,73854,67.2,temperate,89.9
60.6,103897,76.9,hot,87.16
17.0,54324,50.6,hot,93.04
32.5,47028,91.3,cold,90.31
18.4,69459,64.4,cold,92.81
2.4,50270,88.4,temperate,92.95
89.0,166316,23.5,hot,85.48
43.0,143032,49.7,temperate,89.16
29.5,102911,73.0,temperate,88.66
57.5,62807,20.3,cold,93.92
0.7,36032,21.1,cold,96.44
26.7,131840,97.8,hot,88.45
67.5,66891,43.5,hot,90.56
60.8,99524,18.2,hot,91.37
94.3,191645,33.1,hot,84.72
59.6,163708,39.7,temperate,88.42
45.8,87545,62.3,hot,90.06
73.1,141002,92.3,hot,83.22
86.7,127076,98.7,hot,86.51
69.2,148071,65.2,hot,85.95
92.5,80847,70.0,temperate,90.74
75.1,79859,32.2,hot,91.45
83.2,143048,85.7,cold,84.82
11.0,37035,21.8,hot,94.62
70.3,138519,10.6,hot,89.47
42.2,77354,97.3,hot,88.8
53.1,150646,86.4,temperate,87.58
62.8,150639,30.4,hot,87.3
93.1,136726,67.5,temperate,88.31
94.5,171514,46.7,hot,85.47
27.7,55595,32.3,cold,94.16
70.4,118011,28.7,hot,88.54
72.0,83697,13.6,temperate,92.58
33.3,131026,54.9,cold,90.36
11.9,108678,44.7,hot,91.09
3.9,111534,51.2,hot,92.08
74.6,167485,21.5,cold,87.34
47.0,154328,93.9,hot,85.44
94.6,106244,63.9,hot,89.61
44.6,149017,90.0,temperate,88.05
93.9,146779,10.9,hot,87.74
39.5,83625,62.3,cold,91.05
76.2,130739,84.9,temperate,86.17
8.1,47898,33.1,temperate,95.08
53.3,79063,19.5,hot,92.19
77.0,93123,26.5,temperate,92.23
88.8,83867,27.3,temperate,92.32
79.0,125394,44.7,hot,86.41
3.5,109489,32.6,cold,93.64
35.8,105434,27.1,temperate,91.44
4.7,66413,64.9,cold,92.03
10.5,60174,5.3,hot,96.85
64.8,109753,34.0,hot,91.1
68.5,82174,69.0,temperate,90.55
74.3,160650,17.6,cold,88.65
83.1,93042,22.1,temperate,92.19
71.0,145149,20.1,hot,89.63
76.9,155268,0.1,cold,89.58
4.7,72901,47.4,hot,91.84
22.5,122314,3.9,hot,93.9
59.7,84678,27.3,temperate,93.25
82.4,174444,99.5,hot,82.4
0.4,87889,91.8,hot,90.39
49.4,137020,21.5,hot,89.57
65.0,133933,31.0,cold,88.48
2.8,103930,46.4,hot,92.55
38.5,151280,84.4,temperate,87.78
86.0,122070,80.3,cold,86.27
64.5,151399,12.6,temperate,87.78
22.8,108362,12.4,temperate,92.88
81.9,122567,41.7,temperate,88.4
33.4,139076,87.0,temperate,87.72
81.9,115599,88.2,temperate,85.91
28.7,91771,10.7,cold,92.52
56.7,59939,57.4,cold,92.53
38.1,58848,15.6,temperate,95.0
26.4,122870,68.6,hot,87.74
85.1,118511,91.6,cold,85.29
18.0,62298,45.5,hot,93.08
8.1,36303,8.3,cold,97.38
32.8,86347,57.9,hot,91.14
68.9,154109,40.9,temperate,87.14
77.5,172014,81.1,cold,84.97
95.9,88313,34.0,temperate,92.6
28.5,92687,87.5,hot,89.59
39.2,88708,27.4,cold,89.99
13.1,84660,15.8,temperate,94.11
55.2,99663,30.6,hot,92.73
95.8,127644,3.5,temperate,88.51
67.3,112696,28.1,temperate,90.4
57.1,117457,66.0,temperate,88.57
37.7,91508,14.2,hot,92.07
87.9,129881,11.1,temperate,90.01
47.7,137894,13.2,cold,91.16
12.9,100227,7.8,hot,93.08
35.1,70196,87.5,temperate,92.45
6.4,101443,94.4,temperate,90.12
19.4,118596,4.7,cold,91.69
1.7,19833,76.0,temperate,94.71
43.5,106184,73.7,cold,86.91
60.9,85001,99.7,hot,88.41
33.0,116164,34.8,temperate,93.26
40.4,62285,28.6,cold,93.74
92.1,157305,45.3,cold,87.28
72.2,90772,85.7,temperate,88.57
51.9,104606,72.9,temperate,89.04
27.3,136601,47.2,temperate,90.64
86.1,117517,24.5,hot,91.17
22.6,123896,72.7,cold,90.77
31.2,144461,85.5,cold,88.08
87.3,177707,40.0,temperate,86.29
50.8,62267,66.9,hot,91.1
71.3,157744,40.0,hot,85.62
56.7,51118,47.8,hot,90.23
62.7,99471,52.5,temperate,88.8
28.7,128439,77.6,temperate,88.66
23.2,101960,97.8,hot,88.37
31.0,89728,44.4,temperate,90.03
14.9,58979,34.2,cold,94.08
83.9,167421,37.4,hot,85.42
27.2,107807,13.4,temperate,90.84
53.9,101128,29.7,temperate,90.74
76.0,170456,8.6,hot,86.63
75.2,90300,42.8,temperate,90.0
42.1,55518,16.7,temperate,95.4
45.7,115237,34.6,hot,87.37
95.5,196215,79.4,hot,80.01
64.8,83639,24.6,cold,91.6
78.2,95132,61.2,hot,88.73
86.6,88944,90.1,temperate,89.18
75.6,166275,56.7,temperate,85.73
17.8,41982,19.4,cold,94.33
54.0,105355,34.5,temperate,90.77
9.8,127056,59.0,cold,89.5
62.7,53691,50.7,temperate,94.38
91.7,143206,14.9,temperate,88.5
49.2,102493,44.7,temperate,90.57
41.6,131531,54.3,temperate,91.97
3.4,45501,26.7,temperate,95.77
92.1,126023,61.2,hot,87.38
9.9,28393,7.0,temperate,97.97
3.9,92184,33.7,temperate,94.23
23.6,113850,80.4,hot,89.14
6.3,21642,25.9,hot,96.93
43.7,83624,60.5,cold,90.86
49.5,148436,41.0,temperate,87.78
30.0,25330,31.6,cold,95.65
4.9,39928,91.6,temperate,96.0
10.7,75533,34.3,cold,94.99
36.9,70852,23.7,cold,93.43
5.8,37488,90.9,hot,94.38
67.0,111060,74.6,cold,87.12
19.9,38344,68.2,hot,92.94
29.0,87721,5.0,temperate,94.67
37.8,116334,13.1,cold,92.97
40.0,102364,63.8,hot,88.42
0.2,11306,20.9,temperate,97.88
10.8,110295,22.6,temperate,95.05
82.8,90019,77.9,hot,88.2
0.1,91876,28.6,hot,96.29
48.8,83921,7.2,hot,92.47
47.0,133092,3.6,hot,90.26
32.0,51400,44.3,temperate,93.31
41.4,56906,61.7,temperate,93.57
74.9,122090,86.9,temperate,89.02
80.8,71249,11.1,temperate,91.61
25.0,47864,19.7,hot,94.03
31.0,112681,53.0,hot,90.72
23.3,119885,36.4,cold,90.45
46.1,48083,48.3,cold,92.34
65.6,160510,92.4,temperate,86.65
21.9,113962,54.5,hot,91.23
31.8,130821,41.5,cold,88.99
89.3,158242,98.9,cold,84.58
4.7,84784,6.5,temperate,93.29
44.2,99873,93.2,hot,87.06
68.3,135259,50.2,hot,87.47
14.4,122329,50.4,temperate,90.58
4.5,15853,92.2,cold,93.5
13.3,48948,50.7,temperate,93.39
88.2,82200,43.8,hot,88.42
0.9,114117,27.2,temperate,93.42
18.1,68498,65.9,cold,89.87
3.0,83544,57.0,temperate,91.72
10.6,109785,21.4,cold,90.11
59.5,168532,70.9,temperate,86.54
23.2,38745,64.4,hot,91.05
54.6,141478,39.7,temperate,88.79
56.7,153706,0.4,temperate,91.63
81.5,73820,44.7,cold,92.9
0.5,90870,0.6,temperate,93.03
81.9,110837,7.5,temperate,91.35
59.4,127361,43.1,temperate,88.02
15.6,74705,8.2,temperate,93.12
74.2,93004,27.6,temperate,91.1
82.1,84666,65.5,temperate,91.45
24.4,34375,30.9,temperate,96.04
88.2,85902,99.8,temperate,87.57
43.6,112891,91.6,temperate,89.22
57.9,90443,58.5,hot,86.85
94.5,104768,96.7,temperate,86.59
34.7,111949,86.8,temperate,87.88
78.1,147475,31.9,temperate,88.35
30.6,90172,75.0,temperate,90.31
76.7,176132,13.7,cold,86.95
57.7,94308,68.5,cold,89.28
20.8,117612,49.1,temperate,90.59
39.7,42139,1.7,hot,95.5
30.5,114191,27.4,temperate,91.44
7.5,124862,95.5,temperate,88.64
2.9,103979,31.6,temperate,93.43
33.3,97278,18.1,temperate,93.38
1.8,76735,18.8,cold,94.2
15.9,55634,47.9,hot,93.35
69.6,139553,84.3,temperate,88.13
68.0,149095,75.8,hot,84.29
70.9,178874,43.7,temperate,88.53
30.4,84468,20.9,temperate,91.4
85.4,78558,4.6,temperate,92.24
57.0,119009,46.3,temperate,88.42
12.1,24365,81.5,cold,96.75
13.8,40869,73.0,cold,92.94
66.5,94901,40.9,temperate,90.16
16.6,101559,59.5,cold,90.46
48.7,62640,43.6,temperate,92.8
95.2,99232,57.9,cold,88.4
0.4,5716,51.8,hot,97.19
1.6,106115,68.1,hot,87.14
95.3,162667,50.8,hot,85.29
56.1,51565,94.1,hot,90.14
12.2,13548,42.8,temperate,97.64
86.1,138825,1.6,hot,90.18
84.5,104335,23.6,temperate,90.39
51.5,114503,50.1,hot,89.86
59.7,101896,54.1,hot,87.77
26.2,132652,55.2,cold,90.02
4.8,38579,71.5,temperate,93.76
57.1,129063,27.5,cold,87.99
28.3,30067,66.5,temperate,93.75
63.7,167793,70.4,hot,86.7
80.3,184591,41.1,temperate,86.21
1.7,90142,40.2,temperate,95.22
57.2,103483,17.9,hot,89.64
22.2,44902,41.4,cold,95.46
83.9,167413,78.7,temperate,84.49
24.4,108656,90.9,temperate,89.47
58.6,75496,59.4,temperate,91.43
53.1,98429,29.9,temperate,92.12
38.0,87229,68.2,hot,90.3
65.1,153379,74.0,cold,85.24
69.7,140123,33.2,temperate,89.8
54.4,122535,82.7,hot,89.16
72.8,138653,7.4,hot,88.04
94.4,111130,1.1,temperate,88.8
40.3,78147,12.3,cold,93.65
49.4,46646,15.6,cold,93.82
1.2,95431,87.9,temperate,91.17
76.4,115642,42.5,cold,89.67
49.9,94207,27.5,temperate,91.17
39.2,62080,42.9,hot,91.9
9.0,32657,39.5,temperate,95.62
85.4,141711,30.1,hot,89.11
37.9,59507,13.8,hot,93.6
65.5,62312,65.6,temperate,89.94
14.3,104051,13.7,hot,91.03
92.3,122100,77.5,cold,87.09
17.1,59904,20.2,cold,93.18
19.2,67722,73.1,temperate,90.28
82.5,166524,80.6,temperate,86.04
87.6,111507,12.5,temperate,91.47
20.4,107936,8.7,hot,91.68
45.1,150329,95.0,hot,85.86
70.4,137984,46.3,hot,87.51
84.3,122071,63.0,hot,87.76
36.4,120059,2.3,hot,91.78
49.6,96309,27.9,hot,87.61
71.2,109069,50.5,hot,88.25
70.2,121525,88.6,cold,87.63
75.2,100763,27.1,hot,89.29
54.7,58105,77.5,hot,90.54
10.0,58151,66.2,temperate,94.24
86.8,87181,11.5,temperate,92.02
83.1,118499,29.3,temperate,91.52
76.6,130680,23.8,hot,89.73
9.6,119674,44.3,temperate,91.02
19.6,20698,63.5,temperate,94.64
71.4,134063,43.3,temperate,85.19
2.2,56779,24.5,temperate,95.27
94.0,80769,69.6,temperate,88.16
36.2,60117,58.4,temperate,92.82
69.1,71763,51.9,hot,90.59
85.2,97021,55.4,temperate,90.54
37.9,64519,22.2,hot,94.65
30.6,73687,68.0,hot,90.95
58.4,112184,38.8,temperate,92.9
55.8,46598,36.3,hot,92.97
39.3,52156,15.0,hot,92.26
57.8,59370,59.7,temperate,91.31
89.8,140791,60.3,temperate,86.79
44.9,76900,34.0,cold,92.81
18.9,81547,86.0,cold,89.6
36.2,56795,84.5,cold,91.0
37.8,34436,10.9,temperate,95.5
12.6,123453,69.5,hot,88.83
15.6,26027,39.4,temperate,96.71
65.7,69988,100.0,temperate,90.43
32.6,44744,22.5,temperate,96.26
91.7,194145,28.1,hot,84.25
23.4,93607,44.2,hot,92.71
9.5,81149,26.9,hot,91.77
72.3,178684,69.2,hot,82.61
84.6,81096,48.1,hot,88.22
26.7,139189,22.1,cold,90.09
19.4,40649,50.6,hot,95.3
17.8,89630,88.9,temperate,89.76
50.1,92171,79.2,cold,88.8
45.0,83548,49.9,temperate,91.22
24.9,132504,28.8,temperate,91.16
4.3,21521,18.0,temperate,96.9
46.2,158168,87.8,hot,84.73
92.1,122242,71.0,temperate,86.07
62.6,130055,57.2,cold,87.34
47.6,155789,87.9,temperate,87.69
10.6,15767,12.2,cold,97.52
24.2,130939,68.2,cold,87.85
28.3,91719,21.7,temperate,94.17
73.4,145712,12.1,temperate,88.53
84.2,88039,46.6,temperate,92.23
86.6,136138,38.7,temperate,90.07
94.5,159587,94.1,temperate,84.92
94.3,133339,32.4,temperate,86.84
91.5,94838,81.5,cold,90.9
6.9,35040,74.9,hot,94.48
13.2,113551,66.8,temperate,89.99
29.2,28494,92.0,hot,93.49
53.1,129295,40.8,temperate,90.2
9.3,127685,39.0,cold,92.4
81.2,68562,16.1,cold,91.51
59.2,68666,27.6,temperate,93.15
52.1,124286,88.0,temperate,86.32
15.9,20424,47.4,hot,96.0
24.3,91035,34.1,hot,91.73
15.4,94905,21.6,hot,92.87
81.8,138732,48.5,cold,87.31
56.1,90560,71.7,hot,88.77
70.6,142484,28.7,cold,87.31
28.4,94998,75.8,hot,90.65
35.6,54617,63.0,temperate,94.45
38.9,99965,78.8,temperate,89.0
73.0,166630,25.1,temperate,88.34
74.1,141808,63.1,temperate,87.89
19.9,73160,15.4,temperate,94.18
90.4,113913,36.4,cold,87.19
11.6,19959,72.4,temperate,93.35
86.0,101045,63.2,hot,87.1
9.6,9374,18.8,hot,94.75
25.4,139558,85.8,temperate,89.51
81.3,94416,5.3,temperate,92.35
17.2,112144,59.5,temperate,90.52
39.7,53323,98.4,temperate,88.56
43.2,70021,53.2,temperate,89.88
23.5,69814,80.1,cold,91.35
68.2,95748,59.5,temperate,92.31
81.7,163909,78.3,temperate,84.67
84.0,184889,65.6,temperate,85.96
32.6,132181,69.1,cold,87.75
51.0,60897,22.8,temperate,93.61
23.8,113075,74.2,cold,90.87
23.5,37337,23.8,hot,94.48
15.5,122506,98.1,temperate,87.75
90.2,137347,22.8,temperate,90.6
85.2,111405,23.7,temperate,90.31
74.6,81032,85.9,hot,89.74
49.7,42830,24.3,temperate,93.6
47.1,69002,36.1,temperate,94.39
50.9,152062,71.5,cold,87.0
51.5,138597,15.9,temperate,90.44
41.7,151140,15.9,hot,88.91
12.6,22632,48.6,temperate,95.07
12.1,81115,24.4,temperate,93.75
91.4,107038,23.6,hot,88.66
46.3,103715,0.9,temperate,93.55
91.5,114711,37.0,temperate,89.19
15.7,47102,31.8,hot,92.7
53.2,113215,3.1,temperate,89.65
19.9,38616,62.1,temperate,91.95
24.3,76551,62.7,cold,92.42
2.9,80502,7.1,temperate,93.72
11.4,24898,31.7,hot,96.25
88.0,185019,87.3,cold,83.65
30.9,86410,58.2,temperate,91.33
58.4,146994,41.2,hot,87.92
44.6,115670,46.5,cold,89.86
38.4,117236,20.8,hot,87.12
51.1,128487,81.2,cold,87.06
18.0,119991,91.4,temperate,89.37
94.9,152721,91.1,cold,86.77
78.6,98851,22.4,cold,92.62
71.2,71270,31.1,hot,89.57
45.0,110251,16.1,cold,90.73
14.7,20193,30.7,hot,94.07
88.4,102608,33.3,temperate,92.07
32.8,34596,63.3,temperate,94.95
4.8,69875,19.0,hot,95.13
32.9,46633,91.9,hot,91.48
76.3,136805,10.3,hot,90.28
59.8,144721,0.7,hot,90.54
72.1,158693,85.5,hot,86.02
76.2,100636,70.4,cold,89.19
20.3,82831,35.5,temperate,92.44
88.7,141464,59.5,cold,87.67
42.0,91786,22.4,cold,92.89
61.3,129735,16.8,temperate,89.87
0.2,25395,47.1,temperate,96.26
95.4,196979,35.3,cold,86.17
27.0,34241,61.5,temperate,96.01
6.0,104472,21.8,temperate,92.15
44.0,107952,66.3,cold,88.96
12.4,39705,76.7,temperate,94.14
14.6,101667,16.7,temperate,93.5
60.7,60720,4.4,cold,93.03
37.7,124364,44.0,temperate,92.13
88.5,144546,77.4,cold,86.4
30.6,38823,65.1,hot,93.48
69.7,67635,70.2,hot,91.98
44.3,126988,40.3,temperate,89.17
63.4,87948,23.5,hot,90.8
57.6,154692,53.2,cold,85.58
45.4,129271,20.4,hot,89.33
91.2,159788,72.6,temperate,83.98
32.9,60850,19.7,hot,94.36
17.0,99252,29.1,cold,92.72
65.1,168025,50.7,temperate,86.42
81.2,78668,48.7,hot,89.74
3.9,42360,60.1,hot,95.46
43.2,64131,43.7,temperate,91.38
85.7,118589,91.9,cold,86.91
72.0,149049,84.0,cold,86.61
95.2,136254,87.9,hot,82.92
51.0,111001,63.0,temperate,90.25
63.4,90498,63.5,hot,87.17
29.0,41153,60.9,temperate,93.48
91.0,107835,43.5,temperate,88.13
35.2,132468,32.2,hot,91.0
70.9,131371,59.2,temperate,86.73
38.7,77610,2.6,cold,91.53
53.9,139734,0.7,hot,89.67
69.1,65317,85.2,hot,88.9
48.9,71182,4.6,hot,91.15
87.1,100179,52.5,hot,89.11
40.3,151788,61.5,hot,84.56
62.1,136498,19.8,temperate,88.38
32.9,101523,89.6,hot,87.94
39.2,33251,19.0,temperate,96.35
42.2,57321,88.5,cold,92.53
12.1,86330,76.3,cold,92.56
8.8,52904,24.1,temperate,95.17
64.1,164313,15.1,hot,84.49
62.9,144208,31.6,hot,88.25
63.6,106719,39.8,hot,91.07
1.9,91523,24.6,cold,95.37
31.3,143172,99.9,cold,87.15
19.0,71142,23.0,temperate,92.57
74.7,139355,83.1,hot,85.0
82.6,179090,15.9,temperate,89.55
23.7,49575,98.0,hot,89.6
64.1,159815,22.6,cold,86.51
12.4,22054,42.2,hot,96.68
26.4,99826,55.9,temperate,90.46
13.3,105033,12.0,temperate,91.57
27.2,96434,81.7,hot,91.28
64.8,113443,27.5,temperate,90.97
87.4,146908,54.9,cold,86.24
19.4,34401,55.0,hot,92.62
52.0,69235,60.3,temperate,94.06
67.3,88499,5.5,temperate,92.45
91.5,147967,16.9,hot,89.08
58.6,101833,16.1,hot,91.72
24.5,49746,30.2,hot,93.34
60.0,155975,14.5,hot,87.34
30.8,70510,92.2,temperate,92.58
93.7,131614,51.3,cold,89.23
38.4,81138,62.4,temperate,89.03
65.8,76667,35.7,cold,92.13
2.2,89653,27.6,temperate,93.74
38.4,85820,50.3,temperate,90.29
84.0,71959,29.4,temperate,92.33
58.6,164500,34.4,hot,85.16
42.6,133407,45.3,hot,87.87
89.8,161702,50.6,temperate,85.62
82.0,172610,98.4,cold,83.19
30.9,134594,22.3,temperate,90.34
52.3,84063,48.8,hot,89.21
47.0,112501,15.0,cold,92.9
60.7,123633,35.0,hot,89.33
32.1,58805,71.7,cold,94.06
23.4,46171,17.4,cold,94.85
87.6,86683,58.1,cold,88.91
88.7,153028,41.7,cold,89.0
81.0,161176,5.2,hot,86.79
93.9,169571,93.3,temperate,84.18
71.5,97552,41.4,cold,90.93
73.4,85805,78.4,temperate,88.09
73.2,115441,41.6,hot,89.37
46.1,104066,93.7,hot,88.54
43.8,146807,29.0,hot,89.89
23.1,124197,41.2,temperate,91.53
61.9,161513,75.9,temperate,87.7
27.8,125177,34.4,cold,90.11
24.7,136374,36.4,cold,88.69
56.3,102737,99.5,temperate,90.79
39.4,38495,55.6,hot,91.06
21.0,27536,68.9,temperate,92.55
78.3,112118,64.3,hot,88.32
82.6,99768,82.8,hot,89.36
16.1,33809,86.2,hot,93.19
0.7,114985,56.3,hot,92.8
32.3,50341,29.5,hot,91.23
76.6,178926,2.3,temperate,87.3
80.6,158435,61.4,hot,83.13
13.3,87980,82.5,hot,91.51
74.3,143069,45.1,hot,85.11
11.1,49033,16.5,temperate,94.19
37.4,108776,28.8,temperate,91.88
95.9,102292,51.0,hot,89.49
18.5,127932,83.7,hot,88.03
14.8,48532,17.2,cold,96.02
40.6,64446,61.2,temperate,92.74
59.5,134913,75.3,temperate,87.28
89.6,153406,93.6,temperate,83.96
94.2,132622,11.7,cold,89.67
6.7,81465,92.6,cold,91.92
13.2,30179,60.1,temperate,95.88
75.9,144058,76.7,temperate,87.06
26.0,54124,5.4,hot,93.27
84.9,103528,50.6,temperate,90.4
63.7,72538,62.3,temperate,91.09
10.7,48833,30.7,hot,94.2
79.9,106352,43.2,cold,89.0
16.9,68610,55.4,cold,91.87
40.7,56730,55.3,hot,93.01
53.0,67336,4.2,cold,91.83
48.1,105070,43.9,hot,88.52
65.9,70358,21.4,temperate,92.39
62.7,134883,91.7,cold,88.34
95.2,192637,97.7,hot,83.12
95.9,131169,30.0,temperate,86.85
49.6,149449,17.5,temperate,90.98
9.1,19414,22.0,hot,98.34
69.9,63382,47.8,temperate,90.59
93.8,164697,87.5,hot,80.67
30.6,116789,50.0,temperate,90.14
44.3,138064,5.5,hot,91.08
40.8,40800,4.0,hot,96.69
4.9,97342,22.7,temperate,92.4
64.5,98966,84.3,hot,89.99
33.9,64668,62.1,temperate,89.57
75.6,83760,56.3,temperate,90.08
79.9,186091,31.9,cold,85.32
78.8,73338,92.9,hot,89.8
40.0,132574,33.1,cold,91.06
30.9,102463,83.5,temperate,90.74
71.9,148115,89.6,hot,83.38
76.9,149517,48.3,cold,88.1
47.2,142313,89.4,temperate,87.51
85.7,93498,27.7,temperate,88.97
13.8,11612,65.8,temperate,93.0
84.4,142149,8.8,temperate,90.57
9.2,50151,47.4,cold,94.16
14.7,27137,21.7,temperate,94.89
51.2,65044,6.3,cold,93.37
6.5,45211,0.4,temperate,97.27
5.1,12653,32.5,cold,97.06
0.0,6871,59.0,cold,95.35
41.9,144828,45.5,hot,90.14
74.4,99422,30.2,hot,90.95
3.3,120655,99.1,temperate,88.96
62.6,167905,94.0,temperate,84.72
79.0,82959,12.6,temperate,92.67
16.1,99231,41.5,cold,90.41
14.1,83846,64.9,cold,92.09
82.6,151742,73.3,temperate,84.7
79.0,77393,36.6,temperate,91.47
51.7,65743,74.6,hot,88.93
78.6,74733,12.4,temperate,91.32
8.9,79917,33.2,hot,95.24
37.9,149949,71.6,temperate,87.55
70.8,139662,62.6,temperate,87.82
24.7,105888,83.7,temperate,87.2
72.2,178337,4.7,temperate,87.2
48.4,121696,17.4,temperate,91.34
72.0,64843,4.8,hot,92.79
44.6,141215,19.2,hot,86.43
35.3,73194,0.4,cold,94.18
21.0,18059,50.4,cold,95.67
20.0,77538,52.8,hot,93.44
72.1,172561,65.8,hot,83.94
11.4,40393,38.5,temperate,92.57
8.3,65860,0.3,temperate,94.49
16.9,34957,67.4,temperate,92.8
16.8,20951,5.4,hot,97.68
79.0,75514,86.6,temperate,86.39
38.3,119122,2.3,hot,90.49
95.1,182920,53.0,hot,85.84
13.2,28173,89.5,hot,93.31
62.7,86881,57.2,temperate,91.67
43.1,59302,60.8,temperate,90.33
37.7,34656,68.2,hot,90.72
84.0,136419,12.2,temperate,91.21
93.7,162038,67.5,temperate,85.93
83.8,147574,88.0,cold,85.54
18.5,61950,97.4,cold,89.93
21.2,84265,44.3,hot,91.96
63.0,63778,34.5,cold,90.86
27.8,41643,75.3,temperate,94.49
70.5,170593,54.3,temperate,89.63
54.4,136695,25.7,temperate,90.14
52.9,154801,17.2,hot,87.37
79.5,176285,17.0,hot,83.25
68.2,134770,45.9,cold,86.08
2.6,113515,17.0,temperate,94.95
4.7,53961,2.0,temperate,95.23
57.7,48559,5.2,temperate,94.26
46.7,46404,93.0,hot,91.52
25.0,33953,7.3,hot,97.43
40.2,44935,7.3,temperate,95.0
72.8,102837,45.1,temperate,89.58
79.4,150281,24.5,cold,88.01
53.9,139776,96.3,temperate,85.84
37.0,101655,91.1,temperate,88.46
26.0,39228,40.5,cold,94.86
50.1,131502,44.9,hot,88.51
30.2,67756,37.5,temperate,95.75
54.2,46687,3.8,temperate,95.47
65.0,87803,29.3,hot,92.01
6.3,44958,12.3,hot,94.79
0.1,32995,10.2,hot,98.42
20.4,114407,56.1,hot,89.04
85.9,162752,9.9,temperate,88.7
62.0,135170,10.3,hot,89.93
16.5,30437,48.1,temperate,95.19
85.5,168161,44.2,hot,88.34
45.1,118858,13.8,hot,92.05
45.7,61468,0.4,hot,95.13
89.8,152615,19.3,hot,88.04
5.7,62780,23.6,cold,97.07
20.7,69936,80.0,hot,89.43
56.2,60316,91.5,hot,91.42
18.8,77835,40.6,hot,91.25
65.2,66354,40.5,temperate,91.56
20.6,36838,71.2,temperate,94.4
9.5,23838,62.7,cold,96.54
19.9,131052,18.4,temperate,89.77
40.6,68002,10.8,temperate,93.32
16.9,56716,43.8,temperate,94.09
12.9,49425,56.5,cold,93.6
82.6,176613,13.9,temperate,88.46
30.8,93188,29.3,hot,95.67
34.6,139160,30.6,temperate,90.26
5.3,40413,26.1,cold,95.12
34.3,42370,46.1,temperate,92.43
25.4,87931,65.3,cold,90.57
58.6,90303,50.9,cold,89.24
19.7,112660,20.1,hot,92.02
85.3,176600,10.3,cold,87.58
89.2,131082,82.2,temperate,86.3
9.6,124550,47.9,temperate,93.15
10.3,74954,6.2,temperate,94.0
11.1,41737,25.8,cold,95.4
59.5,108243,80.4,temperate,89.44
11.7,14235,75.2,temperate,96.15
81.8,164671,87.6,hot,85.52
72.4,72514,60.2,temperate,91.5
78.7,102635,42.3,cold,90.87
50.5,109923,42.7,temperate,89.51
95.7,84891,19.4,hot,91.46
4.2,13052,65.1,cold,97.0
38.5,115635,58.5,cold,91.2
31.1,34528,15.5,temperate,93.7
91.1,133142,88.6,hot,84.2
55.4,86792,36.8,temperate,92.57
77.4,91865,5.0,hot,87.87
16.4,36281,32.8,hot,95.55
93.9,169900,87.0,temperate,85.9
47.9,154076,91.7,cold,85.15
47.4,56315,49.0,temperate,92.3
93.2,192833,95.6,cold,81.36
36.6,101830,87.5,cold,88.35
38.2,108801,82.5,hot,87.75
56.1,131971,86.0,hot,85.6
12.3,94738,38.2,temperate,91.62
30.8,124064,75.6,cold,88.21
18.5,73473,57.7,temperate,92.17
9.9,72266,72.0,temperate,94.65
83.1,108151,17.8,temperate,90.22
56.6,59777,73.1,temperate,91.87
34.4,108451,95.8,temperate,88.0
39.2,36727,30.3,hot,93.29
41.4,67598,98.6,hot,87.59
60.8,61960,37.8,hot,89.82
89.0,97029,20.0,cold,89.1
89.5,151270,11.2,cold,88.4
37.6,106737,78.5,cold,90.35
31.6,76868,55.5,hot,89.14
43.3,46904,30.7,temperate,93.46
54.5,97440,60.8,hot,87.57
44.3,79275,33.2,temperate,92.06
63.2,139155,44.8,hot,88.78
53.2,113835,86.3,cold,87.38
30.8,84645,66.8,hot,90.42
33.2,86096,76.2,temperate,92.38
36.3,146243,58.3,cold,88.48
9.1,98326,99.1,temperate,89.15
15.9,72923,24.1,hot,93.69
69.4,115356,26.2,cold,88.84
37.4,34305,9.3,temperate,96.28
20.6,130264,55.4,temperate,90.3
54.0,83315,61.3,temperate,89.17
72.5,91156,72.6,cold,89.32
24.7,140523,33.5,temperate,89.75
79.4,152386,1.2,temperate,89.87
89.0,79884,63.2,temperate,91.17
57.3,55218,99.9,hot,90.24
64.2,56576,29.5,cold,92.4
5.0,76160,18.4,hot,95.51
90.8,84229,28.2,temperate,90.28
37.7,143405,42.5,temperate,87.4
88.7,186341,25.1,hot,81.4
55.6,111845,34.7,temperate,90.33
0.4,74366,63.8,temperate,92.51
3.7,38111,34.5,hot,96.28
65.3,62110,39.6,hot,89.13
54.0,133509,4.0,cold,89.43
2.5,14337,91.8,cold,95.53
71.4,69744,40.7,temperate,90.69
81.8,105518,32.8,hot,89.63
47.7,41209,8.6,hot,93.66
44.7,89345,63.4,hot,89.8
0.5,85360,86.4,temperate,92.74
75.5,159094,4.1,cold,89.53
31.7,98974,14.5,temperate,92.61
84.4,171926,14.6,hot,85.5
35.8,78625,60.2,cold,90.7
54.2,147059,92.1,temperate,87.15
26.0,82404,43.8,hot,90.5
15.4,39611,34.4,temperate,95.06
74.4,175290,76.6,hot,83.63
47.7,72724,74.3,cold,90.49
51.5,46063,24.7,temperate,92.99
92.7,106354,16.1,temperate,88.45
92.5,121089,35.8,temperate,89.77
82.1,110613,77.6,cold,88.88
18.0,77969,69.5,temperate,89.69
57.1,153517,66.6,temperate,87.46
84.3,105332,82.9,hot,88.38
35.9,92450,27.7,cold,92.57
9.7,48905,34.0,temperate,94.61
77.9,163490,4.2,hot,86.35
46.2,57453,86.9,cold,91.01
54.2,57573,58.2,hot,91.61
94.3,138931,29.8,hot,87.39
58.3,129203,6.9,temperate,90.37
40.8,129461,72.3,hot,86.32
35.5,100354,74.9,temperate,90.41
40.1,126272,66.6,hot,88.59
11.4,56597,20.4,hot,95.0
76.3,67524,91.3,hot,88.98
80.4,80949,75.3,hot,90.72
27.3,27398,65.8,cold,93.15
29.2,63777,65.1,temperate,93.85
83.9,129406,90.4,temperate,85.82
2.3,44676,92.8,temperate,94.85
50.0,108909,59.6,temperate,91.18
44.5,94767,41.7,hot,90.09
66.3,136563,36.4,hot,89.86
15.7,93107,81.9,temperate,91.25
64.2,91634,64.5,temperate,88.98
36.2,71684,7.7,cold,93.24
59.4,119715,14.2,cold,91.7
3.8,74779,90.0,cold,92.98
44.3,74702,88.4,hot,88.31
50.1,81418,95.2,hot,88.61
20.6,100432,42.8,hot,91.37
13.4,88859,78.4,cold,90.34
18.1,31284,82.8,cold,96.24
33.0,80456,31.6,cold,92.68
9.3,114870,14.5,hot,92.16
90.9,80142,99.7,cold,89.6
38.9,135019,3.0,temperate,90.51
77.7,84299,59.7,cold,91.06
93.5,138823,65.0,temperate,85.07
7.8,57379,68.2,hot,92.54
62.6,53349,25.6,hot,93.83
83.7,179560,72.2,cold,86.34
60.9,105330,21.6,temperate,90.21
41.2,148834,82.9,temperate,85.93
41.4,68895,21.9,temperate,94.11
3.4,106825,69.7,temperate,90.47
51.3,153455,78.3,cold,85.99
95.4,146303,18.9,hot,88.37
92.0,101018,23.8,hot,88.81
3.9,85462,77.9,cold,89.46
67.8,122341,8.6,temperate,89.1
29.0,137485,19.1,hot,89.83
86.7,124952,45.6,hot,85.29
4.3,35831,93.0,hot,93.15
89.8,91464,56.2,hot,87.03
80.4,150834,38.8,hot,88.64
11.3,126294,97.8,hot,90.78
5.7,8187,46.4,temperate,95.63
80.1,155630,43.4,cold,87.19
15.0,123692,41.2,cold,89.46
51.4,51766,31.2,temperate,93.28
87.9,86480,32.6,hot,92.11
54.5,128431,68.8,cold,87.3
38.1,109534,4.1,cold,91.53
42.7,43861,68.2,temperate,91.66
6.1,105180,20.1,hot,94.15
93.0,140311,38.4,hot,82.98
29.8,133716,14.7,temperate,90.29
18.2,120508,55.3,temperate,90.22
27.5,120385,72.9,hot,87.79
92.6,139058,35.5,cold,88.79
9.1,37748,16.3,temperate,97.85
83.3,130101,22.7,temperate,87.7
68.0,68725,81.8,hot,91.91
79.7,145463,26.8,cold,86.36
93.7,94149,77.5,temperate,90.35
80.8,128713,33.1,hot,88.17
90.6,81996,18.9,temperate,91.21
12.2,46096,72.7,temperate,93.07
76.4,91513,46.9,cold,89.99
52.4,118058,3.1,hot,90.8
52.2,137894,96.0,cold,85.25
86.3,78790,14.8,temperate,91.94
93.3,179778,35.3,hot,84.11
67.7,159679,38.5,hot,85.13
46.4,79707,48.9,hot,89.86
43.8,115593,78.5,hot,86.57
37.1,79221,0.6,temperate,93.38
34.7,47431,93.2,temperate,92.36
37.6,94760,64.6,hot,89.93
8.6,17543,95.1,cold,96.51
7.4,111612,81.7,hot,87.21
74.9,173304,92.8,temperate,85.16
42.8,134279,60.1,cold,88.26
89.3,141958,35.7,cold,88.65
58.8,115890,44.3,temperate,90.61
3.4,120967,65.8,temperate,90.48
15.1,42350,42.7,hot,94.54
19.8,25579,73.2,hot,92.8
93.7,145492,9.2,temperate,89.71
21.0,56951,83.0,hot,89.41
49.5,79941,20.4,temperate,93.66
89.9,75744,94.4,hot,87.93
93.8,149724,15.6,cold,87.41
22.7,50593,12.9,cold,94.76
4.7,26472,81.2,cold,94.36
14.7,17140,81.9,temperate,96.08
6.1,48790,73.9,hot,97.32
18.7,121086,96.1,hot,89.52
54.6,85886,27.1,temperate,91.36
87.6,154485,82.7,temperate,86.45
51.6,133763,35.2,temperate,90.2
60.1,89451,53.7,temperate,89.55
19.4,114746,44.6,temperate,89.43
76.9,147072,0.6,hot,88.4
59.3,116532,57.4,hot,89.21
83.0,69250,74.8,temperate,88.43
91.1,80118,17.5,temperate,91.09
33.4,146736,93.2,cold,87.3
8.7,101120,53.0,temperate,91.84
21.7,130582,17.8,temperate,92.83
42.0,143304,64.6,cold,85.95
90.8,78109,19.2,hot,93.65
36.3,125286,6.4,temperate,89.53
74.0,115799,68.5,temperate,86.02
51.9,137985,11.1,temperate,90.07
17.5,15431,10.6,hot,95.46
30.8,60243,74.0,cold,91.75
62.7,142414,5.5,cold,89.38
64.6,148991,81.0,hot,85.28
41.7,109147,79.6,hot,87.29
21.9,54442,14.1,hot,95.02
69.3,94996,51.8,cold,89.45
16.2,129522,9.7,temperate,93.05
89.9,127639,63.3,hot,86.39
18.0,68687,6.3,cold,93.45
10.3,74865,94.4,temperate,89.33
47.8,88952,20.8,temperate,92.1
49.9,107885,68.3,temperate,87.88
48.8,92536,12.8,temperate,90.8
41.9,134139,21.0,temperate,90.82
95.5,188671,45.1,hot,82.01
46.7,150756,57.3,temperate,89.47
45.9,105951,99.9,cold,88.17
40.5,86799,2.6,temperate,93.28
6.4,89975,0.0,cold,93.24
56.9,148035,35.0,temperate,89.47
21.9,85795,36.6,cold,92.36
61.2,135006,88.4,hot,85.19
4.9,94034,91.3,cold,91.0
94.2,159678,88.1,hot,81.89
45.0,127056,14.3,hot,87.94
86.1,96778,41.2,hot,87.78
45.7,97850,74.6,hot,89.35
5.8,75419,31.3,cold,94.01
78.9,66074,66.3,cold,91.73
62.2,154570,23.7,cold,87.04
75.0,135744,32.3,hot,88.52
41.1,49750,86.0,cold,91.35
61.2,148998,25.1,temperate,87.68
82.2,154545,96.4,hot,84.59
60.6,141481,30.6,temperate,88.9
33.4,74859,2.4,temperate,93.39
63.6,155507,25.5,hot,87.49
64.5,103432,17.1,temperate,91.18
92.2,145308,50.7,temperate,87.16
35.6,29750,11.3,hot,94.75
40.8,111391,62.6,temperate,88.12
78.0,151151,87.5,temperate,85.94
48.6,108514,36.3,temperate,89.72
70.7,118513,16.8,cold,88.79
44.1,133969,40.0,cold,88.74
20.7,99004,78.6,temperate,91.19
71.5,92985,59.1,temperate,90.25
12.6,125581,10.1,temperate,91.44
19.1,100759,53.7,temperate,90.6
60.2,168699,46.8,hot,86.79
71.7,176333,32.7,temperate,84.03
85.9,181844,11.0,temperate,88.18
26.2,112452,98.1,temperate,86.41
10.6,81989,17.6,cold,92.19
91.8,97144,19.3,temperate,90.4
14.8,77556,14.6,temperate,96.8
19.0,107659,57.0,hot,92.29
28.0,85809,44.4,hot,92.28
50.8,146540,25.0,temperate,89.61
84.8,83785,42.9,temperate,88.64
73.0,106557,67.4,hot,88.13
68.0,117368,28.2,hot,88.45
16.8,65893,91.5,hot,90.13
34.3,41645,30.6,cold,94.52
45.9,56696,19.8,cold,93.08
14.2,112308,95.5,temperate,90.29
26.2,80000,81.1,hot,88.01
29.6,30513,34.3,hot,94.62
12.2,12161,84.1,hot,93.32
52.8,100836,51.9,temperate,89.85
67.7,76128,34.7,hot,91.28
6.7,90210,84.0,hot,89.57
46.2,133929,75.2,cold,87.76
75.1,89973,29.8,temperate,91.02
71.8,130900,60.7,cold,86.82
78.2,83739,36.9,hot,89.59
43.0,72289,0.1,hot,93.1
78.8,172300,96.2,cold,83.04
23.1,84552,55.0,temperate,91.9
34.6,135171,59.8,temperate,88.45
16.9,41138,60.0,cold,93.15
44.9,77002,55.1,temperate,93.51
37.6,87879,29.0,hot,92.05
23.1,76884,97.2,temperate,90.13
72.2,179860,62.2,hot,84.68
30.1,38841,67.1,hot,91.55
26.2,124060,45.5,hot,89.04
12.6,114113,28.8,cold,91.33
42.1,101490,6.4,temperate,90.9
29.1,65522,35.0,hot,93.24
35.5,91849,17.6,hot,91.28
22.7,53976,66.2,temperate,92.56
73.3,156945,87.9,cold,84.51
89.3,134194,30.3,hot,91.17
47.8,150936,33.3,hot,87.06
61.7,126163,67.0,cold,85.37
83.2,131092,14.9,cold,87.26
95.9,165235,92.9,cold,84.99
58.9,109553,36.4,hot,91.04
85.4,179723,10.1,hot,85.42
87.2,94822,17.5,temperate,92.83
76.0,180118,93.3,hot,84.03
44.2,134337,24.7,cold,89.39
7.8,109780,66.2,hot,90.23
1.5,59213,15.6,temperate,96.2
45.8,138640,19.4,cold,90.62
47.5,76358,87.9,cold,90.37
39.1,124023,14.8,temperate,90.21
54.5,62307,1.9,cold,93.63
53.0,81019,50.1,hot,92.88
80.3,120417,86.3,temperate,87.69
10.4,47371,32.6,hot,95.84
21.6,64456,12.8,cold,95.04
76.1,161853,98.2,cold,84.79
81.4,98628,67.7,hot,88.23
95.5,169020,85.1,hot,84.61
83.8,78678,75.2,temperate,90.72
85.4,163081,69.8,hot,85.0
30.2,120191,38.5,cold,89.41
38.6,80337,32.4,hot,92.21
25.7,108144,71.7,cold,89.6
58.2,158321,71.7,temperate,86.18
90.1,171190,95.1,temperate,87.53
33.1,74425,56.9,hot,89.44
53.5,102666,29.5,cold,91.9
28.4,117227,49.0,temperate,89.28
16.3,48695,61.4,temperate,93.85
18.7,112081,42.7,temperate,94.26
5.6,44004,79.1,cold,92.53
91.1,172662,58.5,cold,84.32
38.7,42646,0.9,cold,95.31
80.1,72057,57.0,temperate,89.97
65.4,174227,63.4,cold,86.56
18.4,119689,91.5,hot,87.68
16.8,119979,41.4,temperate,91.69
78.0,179113,57.4,temperate,84.06
25.4,73775,47.5,temperate,90.48
87.7,107483,53.2,cold,88.46
13.4,26807,6.7,cold,95.03
65.1,114362,89.7,temperate,89.69
78.2,91564,91.0,temperate,86.85
22.6,131087,54.8,cold,88.1
26.5,22577,55.7,cold,95.07
92.6,94345,5.8,cold,90.48
25.4,50745,59.8,hot,90.87
41.3,58271,42.9,hot,94.78
41.5,61695,70.9,cold,90.28
24.3,98968,4.7,cold,92.64
74.5,101365,71.1,temperate,88.82
74.1,135551,28.7,temperate,89.91
36.3,137096,65.2,temperate,88.98
80.2,139117,62.7,temperate,86.41
20.5,100390,22.7,cold,91.86
0.4,44205,44.0,hot,95.45
54.8,64862,83.6,temperate,91.72
95.4,117996,60.6,temperate,86.86
3.7,118805,6.9,cold,95.43
20.0,91257,44.3,hot,90.64
49.8,74815,31.2,temperate,92.53
77.8,118905,64.2,hot,85.93
8.5,107385,61.5,hot,89.23
37.9,111832,1.0,temperate,91.16
71.7,127044,60.8,hot,86.05
35.7,135943,73.5,cold,87.36
18.1,95800,76.9,cold,89.25
18.8,92767,5.9,hot,93.91
39.4,55576,30.4,cold,92.54
46.0,51120,42.1,temperate,92.31
82.7,184762,18.0,temperate,86.39
61.7,123243,42.1,cold,90.19
66.3,105114,7.1,temperate,91.87
94.4,149321,11.3,hot,87.37
39.5,40365,66.9,hot,90.62
38.7,130924,26.3,temperate,88.85
88.6,99865,71.1,cold,86.84
23.6,116216,4.8,temperate,93.86
70.1,122511,56.3,temperate,89.33
72.4,93554,39.1,hot,88.7
9.4,11448,79.7,cold,94.33
45.0,135359,78.4,hot,85.94
19.3,37220,37.6,temperate,94.04
17.8,21047,62.3,temperate,95.53
44.5,127812,22.8,hot,89.2
27.8,65160,58.0,hot,94.43
76.4,110405,8.1,temperate,92.6
87.1,102257,43.5,hot,90.31
77.1,167319,18.3,temperate,88.64
25.5,56962,88.3,cold,91.08
26.3,47154,44.5,hot,94.16
24.5,57488,59.1,temperate,92.61
13.0,35181,36.0,hot,97.05
90.6,113622,28.9,hot,89.15
38.6,42116,20.3,cold,94.9
21.6,36999,91.2,cold,92.79
81.3,117780,79.9,cold,89.37
38.3,137472,13.3,hot,87.95
3.4,9684,74.7,temperate,98.09
15.5,38476,41.9,temperate,94.8
61.4,160142,1.5,cold,87.09
75.2,169434,52.8,temperate,85.48
20.2,98409,13.0,cold,90.77
88.1,102248,21.0,hot,90.4
81.7,118457,69.6,temperate,86.88
81.4,93217,25.7,cold,90.88
21.9,33644,89.2,temperate,94.48
4.9,49643,65.7,temperate,93.31
83.3,138492,83.2,temperate,86.23
29.4,67656,61.5,cold,90.41
59.4,122812,86.9,hot,86.28
73.0,96348,36.2,cold,93.39
12.3,51766,54.9,temperate,94.92
75.0,157348,51.6,temperate,86.72
90.1,180479,90.4,temperate,83.3
69.9,96914,16.5,hot,90.49
42.4,103880,57.8,cold,90.03
84.2,103514,75.4,cold,87.61
50.6,48597,37.0,cold,93.86
71.5,148125,86.8,cold,84.58
78.8,86161,37.3,temperate,89.94
71.9,111034,17.3,temperate,91.23
27.6,81474,58.4,cold,90.07
11.3,31564,42.1,hot,96.03
22.9,30414,1.5,cold,96.48
48.3,81992,7.0,temperate,91.0
48.5,154696,19.5,temperate,89.18
55.9,120428,76.9,temperate,86.26
37.9,77377,89.2,temperate,91.24
75.5,67621,54.6,hot,90.03
87.7,145085,10.6,temperate,91.27
23.7,30809,53.4,temperate,95.9
70.7,124027,85.6,hot,85.13
65.1,144472,74.9,hot,83.54
50.2,92677,29.1,temperate,90.82
18.1,51012,12.4,hot,93.48
76.3,69305,90.1,cold,91.61
92.2,79823,85.4,hot,88.04
69.3,109350,5.4,temperate,92.52
88.1,179430,82.4,hot,82.96
94.5,108022,9.7,temperate,90.59
33.8,97051,6.3,temperate,92.82
61.3,133175,75.9,temperate,88.9
45.5,45214,53.6,temperate,93.61
94.7,97302,41.5,temperate,88.8
9.0,47258,90.4,hot,94.55
39.6,113401,83.9,temperate,88.42
84.1,122727,5.8,temperate,89.88
27.3,110828,61.6,temperate,86.77
75.6,167135,77.2,temperate,86.27
36.7,121627,55.0,cold,89.4
94.1,197468,98.3,temperate,82.92
84.8,161206,68.6,hot,84.36
28.9,126367,10.4,hot,90.03
73.9,161499,19.8,hot,86.63
32.3,114580,82.6,temperate,89.53
58.2,144725,99.7,cold,86.47
63.2,164840,9.8,cold,87.89
79.6,123393,10.0,temperate,91.44
2.3,78551,76.3,hot,92.2
21.1,79405,6.4,cold,93.32
68.3,159078,6.9,hot,88.1
54.1,96845,88.9,temperate,87.4
47.6,138016,80.0,cold,87.4
5.3,100339,88.2,temperate,88.8
33.4,143288,65.1,hot,86.27
83.0,99079,32.3,hot,87.03
3.0,87626,90.6,temperate,91.18
38.1,122545,29.9,hot,91.69
90.7,187965,27.6,temperate,86.03
4.9,112899,88.6,temperate,90.81
72.0,128800,68.1,hot,89.65
24.7,90107,89.6,hot,90.05
83.2,89404,15.6,cold,90.32
71.6,176681,95.2,temperate,83.64
85.0,101459,61.3,temperate,89.25
20.7,104242,66.8,temperate,89.76
51.0,137999,91.4,hot,85.4
74.8,115287,38.1,temperate,90.87
23.6,44999,72.0,temperate,94.4
22.2,41135,64.0,temperate,91.76
2.6,104954,78.8,cold,89.97
92.0,137972,89.7,cold,85.1
68.2,67618,68.0,cold,91.29
61.0,136887,6.8,temperate,91.52
71.4,89540,18.3,temperate,95.07
51.0,147696,95.4,temperate,85.74
45.7,75239,96.9,hot,88.67
43.2,59995,96.7,cold,91.19
61.5,61418,3.7,cold,92.81
19.3,77507,38.2,hot,92.35
85.3,125133,76.0,cold,86.49
77.9,155098,75.3,cold,82.53
33.6,83717,8.6,temperate,93.59
55.5,87547,60.9,cold,89.97
13.5,42681,14.3,hot,97.08
93.3,111165,49.3,hot,87.91
86.7,183573,24.0,hot,83.96
88.5,93561,5.3,temperate,91.51
31.9,145154,8.0,temperate,87.94
16.2,52761,91.1,cold,90.64
20.3,27549,74.5,hot,94.28
8.6,37043,93.2,hot,92.73
11.5,16619,47.0,temperate,97.21
6.8,100508,41.3,hot,89.72
95.0,140692,35.8,temperate,87.83
7.1,46363,61.6,temperate,93.71
12.7,90049,35.2,cold,93.8
79.4,141858,74.6,temperate,87.61
55.7,159204,80.1,hot,86.08
74.3,177305,87.6,hot,85.41
60.6,132155,24.3,hot,88.3
84.7,168712,52.7,cold,87.35
61.3,146168,22.3,temperate,87.8
50.1,100726,3.8,temperate,91.04
68.4,141555,70.8,hot,87.09
42.9,45183,54.9,cold,91.1
33.2,118648,72.4,hot,89.14
44.9,152832,8.8,temperate,89.78
16.3,23774,99.6,cold,94.49
76.5,164060,99.4,hot,83.62
25.0,132814,46.5,temperate,89.82
14.7,39425,86.6,hot,93.36
23.6,82686,24.4,temperate,92.39
80.8,178709,73.8,cold,83.65
31.7,141643,87.9,temperate,88.0
65.9,70230,81.5,cold,89.93
82.2,110393,81.2,temperate,87.57
7.5,89997,46.3,hot,92.26
73.4,87789,82.0,temperate,91.24
29.5,63586,69.1,temperate,91.62
20.8,20125,13.2,hot,95.74
66.1,73535,11.4,temperate,90.97
87.3,140263,77.2,temperate,86.58
28.3,101972,62.5,temperate,91.33
54.6,123376,51.9,hot,89.27
27.8,116590,90.7,cold,88.55
53.2,94177,66.0,temperate,91.25
59.7,82568,39.6,hot,91.51
58.6,50697,41.4,hot,93.53
59.9,74679,60.5,cold,91.91
13.0,48293,76.0,temperate,95.17
66.6,76868,56.4,temperate,90.84
64.8,56397,50.9,hot,89.75
65.5,73501,72.7,temperate,91.38
7.1,85858,70.5,cold,92.75
42.9,111297,83.0,hot,89.9
39.3,145005,6.3,cold,91.51
8.3,102717,75.5,hot,92.82
21.3,85920,51.4,hot,92.21
42.3,51784,7.5,temperate,95.11
71.3,127121,67.9,temperate,86.31
22.8,26356,71.7,hot,93.93
79.7,118086,52.4,temperate,88.21
52.4,90495,79.4,hot,89.13
73.0,112171,30.0,temperate,90.27
45.4,71384,20.2,temperate,93.83
47.9,122235,35.1,cold,89.58
59.5,150491,41.0,temperate,89.26
89.1,166460,69.6,temperate,82.32
47.2,114675,84.6,temperate,88.71
50.8,106894,72.1,hot,89.85
57.8,51890,17.4,hot,95.36
70.8,145753,36.6,cold,88.74
6.9,71146,15.8,hot,96.59
49.5,73744,68.7,cold,90.94
46.2,77868,24.8,hot,91.9
88.5,186008,52.5,cold,85.45
47.4,114404,79.2,hot,87.86
45.0,94575,67.1,cold,88.95
92.4,151487,29.8,temperate,87.25
43.3,85695,33.3,hot,89.94
17.4,70893,65.3,temperate,93.02
20.8,52190,54.9,temperate,93.61
9.1,60397,9.6,hot,94.73
0.1,82317,87.4,hot,91.6
41.5,39349,51.3,temperate,94.33
73.8,156943,47.3,temperate,88.19
70.4,92635,19.8,hot,89.25
3.1,84479,37.7,cold,92.02
54.7,122726,33.3,hot,90.18
14.8,90658,27.1,hot,90.92
90.3,148262,56.7,temperate,87.65
16.1,128481,46.2,hot,91.77
60.2,111132,88.9,hot,89.16
31.3,113977,94.1,temperate,89.46
61.6,135979,21.9,hot,89.47
39.6,61333,10.0,hot,96.26
72.9,94768,78.5,temperate,86.33
22.1,69336,99.5,temperate,90.35
87.0,105787,86.4,cold,88.52
48.0,84026,2.4,temperate,92.87
72.6,107403,25.1,temperate,92.13
81.6,140442,4.3,hot,88.49
95.9,106293,82.1,cold,87.62
21.5,114431,58.1,hot,89.43
27.5,75456,51.4,hot,91.07
24.0,104784,55.4,cold,89.91
25.2,30803,25.2,temperate,96.02
55.9,102991,60.2,temperate,88.9
95.4,82868,3.1,hot,92.26
95.1,160331,64.6,hot,85.58
50.6,83387,73.4,temperate,91.72
61.3,165033,67.3,temperate,84.96
82.6,107693,33.2,temperate,88.07
89.6,142291,82.6,hot,85.1
19.6,47195,71.6,hot,96.17
50.7,116697,12.8,temperate,92.68
80.0,122672,19.5,temperate,89.29
29.1,68732,63.7,hot,91.98
42.2,59627,28.9,hot,93.66
94.6,92232,11.9,hot,88.67
94.6,93189,15.5,hot,91.77
87.0,192373,16.6,temperate,86.25
76.7,113353,47.8,hot,88.18
25.8,21762,60.7,temperate,94.73
30.8,140019,17.6,cold,91.43
52.5,46180,71.2,cold,91.02
53.8,95093,28.1,cold,89.12
48.5,126538,31.2,hot,89.52
61.1,160686,22.3,hot,84.93
39.2,118212,78.5,hot,87.63
71.9,115569,96.0,temperate,88.84
32.0,143617,49.2,hot,88.87
31.7,31172,4.2,temperate,97.55
12.2,128605,26.1,hot,91.62
18.1,117024,15.8,hot,94.4
81.7,179513,84.3,temperate,83.78
42.8,66275,8.5,temperate,94.53
21.9,35324,96.6,temperate,92.21
72.9,140345,58.9,cold,88.34
53.2,106222,51.8,hot,89.1
2.0,64473,84.7,hot,94.78
30.4,136263,2.8,temperate,90.51
17.0,88570,77.7,temperate,92.71
63.0,89797,11.7,temperate,92.98
26.4,70010,84.1,hot,90.67
6.2,21215,52.9,cold,96.47
5.3,27472,6.1,hot,97.61
55.8,63740,83.3,temperate,91.29
2.1,98973,2.7,temperate,94.19
81.5,152488,13.8,cold,87.35
14.9,76073,79.8,temperate,91.25
58.2,93449,46.5,cold,88.38
42.7,115794,88.1,hot,88.61
42.5,132977,63.5,temperate,87.05
6.9,111492,62.4,cold,90.61
77.1,129862,29.2,temperate,90.04
85.7,169830,13.4,temperate,88.74
1.1,62238,96.1,cold,90.5
17.1,71232,10.5,hot,93.95
86.8,176164,52.9,temperate,86.37
52.8,90324,27.3,cold,91.53
14.4,59513,26.4,cold,96.05
19.5,52813,59.5,cold,92.22
63.4,115043,79.8,cold,85.39
69.6,123367,77.7,hot,87.75
57.5,127209,86.9,cold,86.47
91.5,127912,29.3,temperate,86.97
47.4,65666,46.6,temperate,92.25
28.8,128043,0.9,temperate,93.16
45.8,79699,74.7,cold,88.79
34.5,139527,30.2,temperate,92.56
21.5,42836,56.1,cold,92.74
4.4,70884,16.9,hot,94.89
33.8,92571,81.9,hot,87.88
68.3,156350,81.7,temperate,86.07
1.8,18137,87.7,hot,94.79
42.2,144327,4.6,temperate,88.54
61.8,115292,99.2,hot,89.94
58.6,119165,24.8,temperate,89.78
74.6,123352,30.9,hot,87.92
77.8,69165,24.9,hot,92.54
68.3,116587,26.8,temperate,92.38
9.9,39850,55.3,hot,95.66
45.6,79124,24.0,hot,90.45
57.9,126165,39.4,hot,88.78
23.6,79369,65.6,hot,88.86
4.1,14590,83.6,temperate,96.3
21.5,26652,69.3,hot,91.75
43.7,58670,59.4,temperate,91.41
39.7,56021,14.8,temperate,94.4
17.0,87129,81.6,temperate,91.47
79.1,87291,3.7,temperate,92.06
88.9,179861,26.4,hot,87.32
19.3,41279,5.7,cold,96.81
89.2,85302,66.7,temperate,90.53
1.7,106518,36.8,hot,91.11
88.8,109436,65.2,cold,90.17
91.4,127205,34.7,temperate,87.94
1.2,116047,45.6,temperate,94.08
73.2,174366,45.8,cold,88.43
93.1,163406,4.6,hot,87.7
87.0,80745,43.0,cold,91.73
93.2,148858,64.1,temperate,82.91
52.8,162715,54.6,temperate,86.9
7.5,119882,7.5,hot,93.73
81.6,80703,66.8,hot,90.13
58.9,96622,30.9,cold,89.38
59.0,87043,1.4,hot,91.61
40.1,48948,15.6,hot,90.9
54.9,129123,49.8,temperate,89.46
14.7,45148,31.0,temperate,92.9
71.0,100565,69.4,hot,89.57
7.2,16844,24.1,cold,98.53
70.1,118139,77.3,temperate,87.5
81.5,86898,28.6,cold,91.5
45.4,89648,62.1,hot,89.59
48.9,57987,79.9,hot,90.89
30.0,139439,38.6,temperate,88.19
93.1,94955,4.7,hot,91.25
70.4,121276,53.5,temperate,86.89
35.4,53157,99.5,hot,88.35
16.8,23148,96.9,cold,93.17
21.1,41843,22.1,cold,94.92
44.5,43687,75.6,cold,92.43
90.5,92133,34.5,cold,89.41
70.5,117950,16.0,cold,92.35
20.7,95437,66.6,temperate,91.17
82.5,79246,50.1,temperate,91.13
36.3,83178,53.9,cold,91.5
81.8,137887,82.7,cold,87.36
23.2,47443,33.7,cold,95.03
59.4,94142,66.7,cold,90.05
89.0,82754,36.6,hot,90.82
24.8,47047,4.3,cold,93.28
66.5,111444,37.8,cold,87.49
94.8,197838,95.0,temperate,82.81
14.5,131600,48.3,cold,89.72
8.5,124627,10.8,temperate,93.01
64.7,104706,68.8,cold,88.8
32.6,36861,96.3,hot,92.3
6.8,44528,90.8,cold,91.59
45.6,66550,57.2,hot,91.18
72.4,61997,37.6,hot,89.77
27.4,34238,58.1,hot,93.96
32.2,81187,81.6,temperate,88.44
81.2,108415,86.1,hot,87.29
49.9,63248,81.9,cold,88.96
